<?xml version="1.0" encoding="UTF-8"?>

<mule xmlns:accounts-api="http://www.mulesoft.org/schema/mule/accounts-api" xmlns:ee="http://www.mulesoft.org/schema/mule/ee/core"
	xmlns:vm="http://www.mulesoft.org/schema/mule/vm"
	xmlns:http="http://www.mulesoft.org/schema/mule/http" xmlns="http://www.mulesoft.org/schema/mule/core" xmlns:doc="http://www.mulesoft.org/schema/mule/documentation" xmlns:xsi="http://www.w3.org/2001/XMLSchema-instance" xsi:schemaLocation="http://www.mulesoft.org/schema/mule/core http://www.mulesoft.org/schema/mule/core/current/mule.xsd
http://www.mulesoft.org/schema/mule/http http://www.mulesoft.org/schema/mule/http/current/mule-http.xsd
http://www.mulesoft.org/schema/mule/vm http://www.mulesoft.org/schema/mule/vm/current/mule-vm.xsd
http://www.mulesoft.org/schema/mule/ee/core http://www.mulesoft.org/schema/mule/ee/core/current/mule-ee.xsd
http://www.mulesoft.org/schema/mule/accounts-api http://www.mulesoft.org/schema/mule/accounts-api/current/mule-accounts-api.xsd">
	<flow name="getCustomerByName" doc:id="2374f9c4-a7d8-4332-9dab-3d233e4bd8ee" >
		<http:listener doc:name="Listener" doc:id="85e69c02-4950-4a63-b5d0-94273468b836" config-ref="HTTP_Listener_config" path="/accountName">
			<http:response >
				<http:headers ><![CDATA[#[{
	result_size:sizeOf(payload),
	account_name:vars.accountName
}]]]></http:headers>
			</http:response>
		</http:listener>
		<flow-ref doc:name="setUserId" doc:id="79b4d588-1a7a-4562-8b97-014147a1bcf3" name="setUserId"/>
		<flow-ref doc:name="Account Name" doc:id="1df89a67-0c99-46a9-a4a5-8fbdf3c8f0d2" name="setAccountName"/>
		<accounts-api:get-accounts doc:name="Get accounts" doc:id="93daf5ef-aa29-40a0-b1a0-3cc6134a5566" account-name="#[vars.accountName]" user-id="#[vars.userId]" client-id="${account.client_id}" client-secret="${account.client_secret}" config-ref="Accounts_API_Config1"/>
		<logger level="INFO" doc:name="Logger" doc:id="fede65a2-1a75-4f75-80a5-f8746dcb3498" />
	</flow>
	<sub-flow name="setUserId" doc:id="63415be3-3163-47ed-aeef-ec7f2bce8c85" >
		<set-variable value="#[message.attributes.headers.user_id]" doc:name="userId" doc:id="7cfe4842-e56e-4a15-b223-a89c84cfa62d" variableName="userId"/>
	</sub-flow>
	<sub-flow name="setAccountName" doc:id="e48a53c1-07aa-4ec0-8b5b-da30d2ea953e" >
		<set-variable value="#[attributes.queryParams.name]" doc:name="accountName" doc:id="a2329f23-beb1-4de1-919a-5a05130e16ab" variableName="accountName"/>
	</sub-flow>
	<sub-flow name="setAccountType" doc:id="d7cfae48-d434-4424-ac37-de834e8308b3" >
		<set-variable doc:name="setAccountType" doc:id="34ebcce9-c8ac-4ea4-9c64-ec5917263e9d" variableName="accountType" value="#[attributes.queryParams.account_type]"/>
	</sub-flow>
	<flow name="getAccountType" doc:id="a9b9b8e5-dca8-40c9-887b-86a268c4a07f" >
		<http:listener doc:name="GET/accountType" doc:id="72008d2d-6196-4158-b9cd-c97d54d9ddcd" config-ref="HTTP_Listener_config" path="/accountType">
			<http:response >
				<http:headers ><![CDATA[#[{
	resultSize:sizeOf(payload),
	accountType:vars.accountType
}]]]></http:headers>
			</http:response>
		</http:listener>
		<flow-ref doc:name="setUserId" doc:id="3b429243-a95a-44a5-a1b8-d6d4f5496db5" name="setUserId"/>
		<flow-ref doc:name="setAccountType" doc:id="99d4f9bd-3df7-41a6-8f0b-20e52656d063" name="setAccountType"/>
		<accounts-api:get-accounts doc:name="Get accounts" doc:id="b3997298-8221-4582-b983-3b1968563f14" config-ref="Accounts_API_Config1" account-type="#[vars.accountType]" user-id="#[vars.userId]" client-id="${account.client_id}" client-secret="${account.client_secret}"/>
		<logger level="INFO" doc:name="Logger" doc:id="57ff8b15-a9ed-449c-85e4-ca7a7a0ad49c" />
	</flow>
	<flow name="diy_customer_account_part2_module1Flow" doc:id="0cf085cf-9e07-4a6b-9282-b206fbc30303" >
		<http:listener doc:name="POST/Customer" doc:id="ee188aaa-e176-4ef6-8ab1-9893340531e2" config-ref="HTTP_Listener_config" allowedMethods="POST" path="/accountInsert"/>
		<flow-ref doc:name="setUserId" doc:id="9433a472-4612-4651-8853-c214e44c7343" name="setUserId"/>
		<vm:publish queueName="readQueue" doc:id="97e1d404-7d45-4b52-994e-b9db6b2da66b" doc:name="inputQueue" config-ref="VM_Config">
			<vm:content ><![CDATA[#[output application/json
---
{
	user_id: vars.userId,
	accounts: payload
}]]]></vm:content>
		</vm:publish>
		<ee:transform doc:name="Transform Message" doc:id="51ea663d-d983-47e9-b770-780b8529d00a" >
			<ee:message >
				<ee:set-payload ><![CDATA[%dw 2.0
output application/json
---
{
	"message":"Accounts submitted"
}]]></ee:set-payload>
			</ee:message>
		</ee:transform>
		<logger level="INFO" doc:name="Logger" doc:id="a2e6f36d-8c20-4bec-a6c3-08280d0c95d8" />
	</flow>
	<flow name="diy_customer_account_part2_module1Flow1" doc:id="b97802e0-45f9-4688-b2b1-69a29f34f08c" >
		<vm:listener queueName="readQueue" doc:name="readQueue" doc:id="2162fa80-a53f-4df8-8f42-a4be6cb97e94" config-ref="VM_Config">
			<vm:response >
				<vm:content ><![CDATA[#[payload.accounts]]]></vm:content>
			</vm:response>
		</vm:listener>
		<flow-ref doc:name="setUserId" doc:id="c7a505c6-e2f6-44a5-bbd6-ab6e866ba09f" name="setUserId"/>
		<accounts-api:create-account doc:name="Create account" doc:id="69befdf3-afd0-4072-8350-4d50435f5351" config-ref="Accounts_API_Config1" user-id="#[vars.userId]" client-id="${account.client_id}" client-secret="${account.client_secret}">
			<accounts-api:create-account-request-data ><![CDATA[#[payload.accounts]]]></accounts-api:create-account-request-data>
		</accounts-api:create-account>
		<logger level="INFO" doc:name="Logger" doc:id="f017790b-8e76-4308-9624-0c860daf98f2" />
	</flow>
</mule>
