<?xml version="1.0" encoding="UTF-8"?>

<mule xmlns:accounts-api="http://www.mulesoft.org/schema/mule/accounts-api"
	xmlns:http="http://www.mulesoft.org/schema/mule/http"
	xmlns:vm="http://www.mulesoft.org/schema/mule/vm" xmlns="http://www.mulesoft.org/schema/mule/core"
	xmlns:doc="http://www.mulesoft.org/schema/mule/documentation"
	xmlns:xsi="http://www.w3.org/2001/XMLSchema-instance" xsi:schemaLocation="
http://www.mulesoft.org/schema/mule/http http://www.mulesoft.org/schema/mule/http/current/mule-http.xsd 
http://www.mulesoft.org/schema/mule/vm http://www.mulesoft.org/schema/mule/vm/current/mule-vm.xsd http://www.mulesoft.org/schema/mule/core http://www.mulesoft.org/schema/mule/core/current/mule.xsd
http://www.mulesoft.org/schema/mule/accounts-api http://www.mulesoft.org/schema/mule/accounts-api/current/mule-accounts-api.xsd">
	<http:listener-config name="HTTP_Listener_config" doc:name="HTTP Listener config" doc:id="7a0cfb1b-5e3c-408f-bd9c-808b3fb6e8c7" >
		<http:listener-connection host="0.0.0.0" port="${http.port}" />
	</http:listener-config>
	<vm:config name="VM_Config" doc:name="VM Config" doc:id="e00d7b9d-ef85-4d81-b0ab-0a10f81a8e82" >
		<vm:queues >
			<vm:queue queueName="readQueue" />
		</vm:queues>
	</vm:config>
	<configuration-properties doc:name="Configuration properties" doc:id="8034a1b8-1c85-43ba-b6f8-6b8b9061aba3" file="config.yaml" />
	<accounts-api:config name="Accounts_API_Config1" doc:name="Accounts API Config" doc:id="b7773c25-667a-46b7-b200-eb5d9d1ed6fe" property_host="${account.host}" property_port="${account.port}" property_basePath="${account.basepath}" property_protocol="${account.protocol}" />
	
	
	
	
</mule>
