<?xml version='1.0' encoding='UTF-8'?>
<types:mule xmlns:types="http://www.mulesoft.org/schema/mule/types">
  <types:catalog>
    <types:type name="auto_e48a53c1-07aa-4ec0-8b5b-da30d2ea953e_Output-Variables-accountName" format="java">
      <types:shape format="raml" autogeneratedOrigin="1df89a67-0c99-46a9-a4a5-8fbdf3c8f0d2"><![CDATA[#%RAML 1.0 DataType
type: string]]></types:shape>
    </types:type>
    <types:type name="auto_e48a53c1-07aa-4ec0-8b5b-da30d2ea953e_Output-Payload" format="java">
      <types:shape format="weave" example="weave/autogenerated/e48a53c1-07aa-4ec0-8b5b-da30d2ea953e/Output-Payload.wev" autogeneratedOrigin="1df89a67-0c99-46a9-a4a5-8fbdf3c8f0d2"><![CDATA[%dw 2.0

type auto_e48a53c1_07aa_4ec0_8b5b_da30d2ea953e_Output_Payload = Any

]]></types:shape>
    </types:type>
    <types:type name="auto_e48a53c1-07aa-4ec0-8b5b-da30d2ea953e_Input-Payload" format="java">
      <types:shape format="weave" example="weave/autogenerated/e48a53c1-07aa-4ec0-8b5b-da30d2ea953e/Input-Payload.wev" autogeneratedOrigin="1df89a67-0c99-46a9-a4a5-8fbdf3c8f0d2"><![CDATA[%dw 2.0

type auto_e48a53c1_07aa_4ec0_8b5b_da30d2ea953e_Input_Payload = Any

]]></types:shape>
    </types:type>
    <types:type name="auto_e48a53c1-07aa-4ec0-8b5b-da30d2ea953e_Output-Variables-userId" format="java">
      <types:shape format="raml" autogeneratedOrigin="1df89a67-0c99-46a9-a4a5-8fbdf3c8f0d2"><![CDATA[#%RAML 1.0 DataType
type: string]]></types:shape>
    </types:type>
    <types:type name="auto_e48a53c1-07aa-4ec0-8b5b-da30d2ea953e_Input-Attributes" format="java">
      <types:shape format="weave" example="weave/autogenerated/e48a53c1-07aa-4ec0-8b5b-da30d2ea953e/Input-Attributes.wev" autogeneratedOrigin="1df89a67-0c99-46a9-a4a5-8fbdf3c8f0d2"><![CDATA[%dw 2.0

type auto_e48a53c1_07aa_4ec0_8b5b_da30d2ea953e_Input_Attributes = {|
  listenerPath: String, 
  rawRequestPath: String, 
  relativePath: String, 
  maskedRequestPath: String, 
  version: String, 
  scheme: String, 
  method: String, 
  requestUri: String, 
  rawRequestUri: String, 
  queryString: String, 
  localAddress: String, 
  remoteAddress: String, 
  clientCertificate?: java_security_cert_Certificate, 
  queryParams: { _?: String }, 
  uriParams: { _?: String }, 
  requestPath: String, 
  headers: { _?: String }
|} {"typeAlias": "HttpRequestAttributes",
"typeId": "org.mule.extension.http.api.HttpRequestAttributes"}
type java_security_cert_Certificate = {|
  encoded?: Binary, 
  publicKey?: java_security_PublicKey, 
  "type"?: String
|} {"typeAlias": "Certificate",
"typeId": "java.security.cert.Certificate"}
type java_security_PublicKey = {|  |} {"typeAlias": "PublicKey",
"typeId": "java.security.PublicKey"}





]]></types:shape>
    </types:type>
    <types:type name="auto_e48a53c1-07aa-4ec0-8b5b-da30d2ea953e_Output-Attributes" format="java">
      <types:shape format="weave" example="weave/autogenerated/e48a53c1-07aa-4ec0-8b5b-da30d2ea953e/Output-Attributes.wev" autogeneratedOrigin="1df89a67-0c99-46a9-a4a5-8fbdf3c8f0d2"><![CDATA[%dw 2.0

type auto_e48a53c1_07aa_4ec0_8b5b_da30d2ea953e_Output_Attributes = {|
  listenerPath: String, 
  rawRequestPath: String, 
  relativePath: String, 
  maskedRequestPath: String, 
  version: String, 
  scheme: String, 
  method: String, 
  requestUri: String, 
  rawRequestUri: String, 
  queryString: String, 
  localAddress: String, 
  remoteAddress: String, 
  clientCertificate?: java_security_cert_Certificate, 
  queryParams: { _?: String }, 
  uriParams: { _?: String }, 
  requestPath: String, 
  headers: { _?: String }
|} {"typeAlias": "HttpRequestAttributes",
"typeId": "org.mule.extension.http.api.HttpRequestAttributes"}
type java_security_cert_Certificate = {|
  encoded?: Binary, 
  publicKey?: java_security_PublicKey, 
  "type"?: String
|} {"typeAlias": "Certificate",
"typeId": "java.security.cert.Certificate"}
type java_security_PublicKey = {|  |} {"typeAlias": "PublicKey",
"typeId": "java.security.PublicKey"}





]]></types:shape>
    </types:type>
    <types:type name="auto_e48a53c1-07aa-4ec0-8b5b-da30d2ea953e_Input-Variables-userId" format="java">
      <types:shape format="raml" autogeneratedOrigin="1df89a67-0c99-46a9-a4a5-8fbdf3c8f0d2"><![CDATA[#%RAML 1.0 DataType
type: string]]></types:shape>
    </types:type>
    <types:type name="auto_63415be3-3163-47ed-aeef-ec7f2bce8c85_Input-Payload" format="java">
      <types:shape format="weave" example="weave/autogenerated/63415be3-3163-47ed-aeef-ec7f2bce8c85/Input-Payload.wev" autogeneratedOrigin="79b4d588-1a7a-4562-8b97-014147a1bcf3"><![CDATA[%dw 2.0

type auto_63415be3_3163_47ed_aeef_ec7f2bce8c85_Input_Payload = Any

]]></types:shape>
    </types:type>
    <types:type name="auto_63415be3-3163-47ed-aeef-ec7f2bce8c85_Input-Attributes" format="java">
      <types:shape format="weave" example="weave/autogenerated/63415be3-3163-47ed-aeef-ec7f2bce8c85/Input-Attributes.wev" autogeneratedOrigin="79b4d588-1a7a-4562-8b97-014147a1bcf3"><![CDATA[%dw 2.0

type auto_63415be3_3163_47ed_aeef_ec7f2bce8c85_Input_Attributes = {|
  listenerPath: String, 
  rawRequestPath: String, 
  relativePath: String, 
  maskedRequestPath: String, 
  version: String, 
  scheme: String, 
  method: String, 
  requestUri: String, 
  rawRequestUri: String, 
  queryString: String, 
  localAddress: String, 
  remoteAddress: String, 
  clientCertificate?: java_security_cert_Certificate, 
  queryParams: { _?: String }, 
  uriParams: { _?: String }, 
  requestPath: String, 
  headers: { _?: String }
|} {"typeAlias": "HttpRequestAttributes",
"typeId": "org.mule.extension.http.api.HttpRequestAttributes"}
type java_security_cert_Certificate = {|
  encoded?: Binary, 
  publicKey?: java_security_PublicKey, 
  "type"?: String
|} {"typeAlias": "Certificate",
"typeId": "java.security.cert.Certificate"}
type java_security_PublicKey = {|  |} {"typeAlias": "PublicKey",
"typeId": "java.security.PublicKey"}





]]></types:shape>
    </types:type>
    <types:type name="auto_63415be3-3163-47ed-aeef-ec7f2bce8c85_Output-Payload" format="java">
      <types:shape format="weave" example="weave/autogenerated/63415be3-3163-47ed-aeef-ec7f2bce8c85/Output-Payload.wev" autogeneratedOrigin="79b4d588-1a7a-4562-8b97-014147a1bcf3"><![CDATA[%dw 2.0

type auto_63415be3_3163_47ed_aeef_ec7f2bce8c85_Output_Payload = Any

]]></types:shape>
    </types:type>
    <types:type name="auto_63415be3-3163-47ed-aeef-ec7f2bce8c85_Output-Attributes" format="java">
      <types:shape format="weave" example="weave/autogenerated/63415be3-3163-47ed-aeef-ec7f2bce8c85/Output-Attributes.wev" autogeneratedOrigin="79b4d588-1a7a-4562-8b97-014147a1bcf3"><![CDATA[%dw 2.0

type auto_63415be3_3163_47ed_aeef_ec7f2bce8c85_Output_Attributes = {|
  listenerPath: String, 
  rawRequestPath: String, 
  relativePath: String, 
  maskedRequestPath: String, 
  version: String, 
  scheme: String, 
  method: String, 
  requestUri: String, 
  rawRequestUri: String, 
  queryString: String, 
  localAddress: String, 
  remoteAddress: String, 
  clientCertificate?: java_security_cert_Certificate, 
  queryParams: { _?: String }, 
  uriParams: { _?: String }, 
  requestPath: String, 
  headers: { _?: String }
|} {"typeAlias": "HttpRequestAttributes",
"typeId": "org.mule.extension.http.api.HttpRequestAttributes"}
type java_security_cert_Certificate = {|
  encoded?: Binary, 
  publicKey?: java_security_PublicKey, 
  "type"?: String
|} {"typeAlias": "Certificate",
"typeId": "java.security.cert.Certificate"}
type java_security_PublicKey = {|  |} {"typeAlias": "PublicKey",
"typeId": "java.security.PublicKey"}





]]></types:shape>
    </types:type>
    <types:type name="auto_63415be3-3163-47ed-aeef-ec7f2bce8c85_Output-Variables-userId" format="java">
      <types:shape format="raml" autogeneratedOrigin="79b4d588-1a7a-4562-8b97-014147a1bcf3"><![CDATA[#%RAML 1.0 DataType
type: string]]></types:shape>
    </types:type>
    <types:type name="auto_d7cfae48-d434-4424-ac37-de834e8308b3_Input-Payload" format="java">
      <types:shape format="weave" example="weave/autogenerated/d7cfae48-d434-4424-ac37-de834e8308b3/Input-Payload.wev" autogeneratedOrigin="99d4f9bd-3df7-41a6-8f0b-20e52656d063"><![CDATA[%dw 2.0

type auto_d7cfae48_d434_4424_ac37_de834e8308b3_Input_Payload = Any

]]></types:shape>
    </types:type>
    <types:type name="auto_d7cfae48-d434-4424-ac37-de834e8308b3_Input-Attributes" format="java">
      <types:shape format="weave" example="weave/autogenerated/d7cfae48-d434-4424-ac37-de834e8308b3/Input-Attributes.wev" autogeneratedOrigin="99d4f9bd-3df7-41a6-8f0b-20e52656d063"><![CDATA[%dw 2.0

type auto_d7cfae48_d434_4424_ac37_de834e8308b3_Input_Attributes = {|
  listenerPath: String, 
  rawRequestPath: String, 
  relativePath: String, 
  maskedRequestPath: String, 
  version: String, 
  scheme: String, 
  method: String, 
  requestUri: String, 
  rawRequestUri: String, 
  queryString: String, 
  localAddress: String, 
  remoteAddress: String, 
  clientCertificate?: java_security_cert_Certificate, 
  queryParams: { _?: String }, 
  uriParams: { _?: String }, 
  requestPath: String, 
  headers: { _?: String }
|} {"typeAlias": "HttpRequestAttributes",
"typeId": "org.mule.extension.http.api.HttpRequestAttributes"}
type java_security_cert_Certificate = {|
  encoded?: Binary, 
  publicKey?: java_security_PublicKey, 
  "type"?: String
|} {"typeAlias": "Certificate",
"typeId": "java.security.cert.Certificate"}
type java_security_PublicKey = {|  |} {"typeAlias": "PublicKey",
"typeId": "java.security.PublicKey"}





]]></types:shape>
    </types:type>
    <types:type name="auto_d7cfae48-d434-4424-ac37-de834e8308b3_Input-Variables-userId" format="java">
      <types:shape format="raml" autogeneratedOrigin="99d4f9bd-3df7-41a6-8f0b-20e52656d063"><![CDATA[#%RAML 1.0 DataType
type: string]]></types:shape>
    </types:type>
    <types:type name="auto_d7cfae48-d434-4424-ac37-de834e8308b3_Output-Payload" format="java">
      <types:shape format="weave" example="weave/autogenerated/d7cfae48-d434-4424-ac37-de834e8308b3/Output-Payload.wev" autogeneratedOrigin="99d4f9bd-3df7-41a6-8f0b-20e52656d063"><![CDATA[%dw 2.0

type auto_d7cfae48_d434_4424_ac37_de834e8308b3_Output_Payload = Any

]]></types:shape>
    </types:type>
    <types:type name="auto_d7cfae48-d434-4424-ac37-de834e8308b3_Output-Attributes" format="java">
      <types:shape format="weave" example="weave/autogenerated/d7cfae48-d434-4424-ac37-de834e8308b3/Output-Attributes.wev" autogeneratedOrigin="99d4f9bd-3df7-41a6-8f0b-20e52656d063"><![CDATA[%dw 2.0

type auto_d7cfae48_d434_4424_ac37_de834e8308b3_Output_Attributes = {|
  listenerPath: String, 
  rawRequestPath: String, 
  relativePath: String, 
  maskedRequestPath: String, 
  version: String, 
  scheme: String, 
  method: String, 
  requestUri: String, 
  rawRequestUri: String, 
  queryString: String, 
  localAddress: String, 
  remoteAddress: String, 
  clientCertificate?: java_security_cert_Certificate, 
  queryParams: { _?: String }, 
  uriParams: { _?: String }, 
  requestPath: String, 
  headers: { _?: String }
|} {"typeAlias": "HttpRequestAttributes",
"typeId": "org.mule.extension.http.api.HttpRequestAttributes"}
type java_security_cert_Certificate = {|
  encoded?: Binary, 
  publicKey?: java_security_PublicKey, 
  "type"?: String
|} {"typeAlias": "Certificate",
"typeId": "java.security.cert.Certificate"}
type java_security_PublicKey = {|  |} {"typeAlias": "PublicKey",
"typeId": "java.security.PublicKey"}





]]></types:shape>
    </types:type>
    <types:type name="auto_d7cfae48-d434-4424-ac37-de834e8308b3_Output-Variables-accountType" format="java">
      <types:shape format="weave" example="weave/autogenerated/d7cfae48-d434-4424-ac37-de834e8308b3/Output-Variables-accountType.wev" autogeneratedOrigin="99d4f9bd-3df7-41a6-8f0b-20e52656d063"><![CDATA[%dw 2.0

type auto_d7cfae48_d434_4424_ac37_de834e8308b3_Output_Variables_accountType = Any

]]></types:shape>
    </types:type>
    <types:type name="auto_d7cfae48-d434-4424-ac37-de834e8308b3_Output-Variables-userId" format="java">
      <types:shape format="raml" autogeneratedOrigin="99d4f9bd-3df7-41a6-8f0b-20e52656d063"><![CDATA[#%RAML 1.0 DataType
type: string]]></types:shape>
    </types:type>
  </types:catalog>
  <types:enrichment select="#e48a53c1-07aa-4ec0-8b5b-da30d2ea953e">
    <types:processor-declaration>
      <types:input-event>
        <types:message>
          <types:payload type="auto_e48a53c1-07aa-4ec0-8b5b-da30d2ea953e_Input-Payload"/>
          <types:attributes type="auto_e48a53c1-07aa-4ec0-8b5b-da30d2ea953e_Input-Attributes"/>
        </types:message>
        <types:variables>
          <types:variable name="userId" type="auto_e48a53c1-07aa-4ec0-8b5b-da30d2ea953e_Input-Variables-userId"/>
        </types:variables>
      </types:input-event>
      <types:output-event>
        <types:message>
          <types:payload type="auto_e48a53c1-07aa-4ec0-8b5b-da30d2ea953e_Output-Payload"/>
          <types:attributes type="auto_e48a53c1-07aa-4ec0-8b5b-da30d2ea953e_Output-Attributes"/>
        </types:message>
        <types:variables>
          <types:variable name="accountName" type="auto_e48a53c1-07aa-4ec0-8b5b-da30d2ea953e_Output-Variables-accountName"/>
          <types:variable name="userId" type="auto_e48a53c1-07aa-4ec0-8b5b-da30d2ea953e_Output-Variables-userId"/>
        </types:variables>
      </types:output-event>
    </types:processor-declaration>
  </types:enrichment>
  <types:enrichment select="#63415be3-3163-47ed-aeef-ec7f2bce8c85">
    <types:processor-declaration>
      <types:input-event>
        <types:message>
          <types:payload type="auto_63415be3-3163-47ed-aeef-ec7f2bce8c85_Input-Payload"/>
          <types:attributes type="auto_63415be3-3163-47ed-aeef-ec7f2bce8c85_Input-Attributes"/>
        </types:message>
      </types:input-event>
      <types:output-event>
        <types:message>
          <types:payload type="auto_63415be3-3163-47ed-aeef-ec7f2bce8c85_Output-Payload"/>
          <types:attributes type="auto_63415be3-3163-47ed-aeef-ec7f2bce8c85_Output-Attributes"/>
        </types:message>
        <types:variables>
          <types:variable name="userId" type="auto_63415be3-3163-47ed-aeef-ec7f2bce8c85_Output-Variables-userId"/>
        </types:variables>
      </types:output-event>
    </types:processor-declaration>
  </types:enrichment>
  <types:enrichment select="#d7cfae48-d434-4424-ac37-de834e8308b3">
    <types:processor-declaration>
      <types:input-event>
        <types:message>
          <types:payload type="auto_d7cfae48-d434-4424-ac37-de834e8308b3_Input-Payload"/>
          <types:attributes type="auto_d7cfae48-d434-4424-ac37-de834e8308b3_Input-Attributes"/>
        </types:message>
        <types:variables>
          <types:variable name="userId" type="auto_d7cfae48-d434-4424-ac37-de834e8308b3_Input-Variables-userId"/>
        </types:variables>
      </types:input-event>
      <types:output-event>
        <types:message>
          <types:payload type="auto_d7cfae48-d434-4424-ac37-de834e8308b3_Output-Payload"/>
          <types:attributes type="auto_d7cfae48-d434-4424-ac37-de834e8308b3_Output-Attributes"/>
        </types:message>
        <types:variables>
          <types:variable name="accountType" type="auto_d7cfae48-d434-4424-ac37-de834e8308b3_Output-Variables-accountType"/>
          <types:variable name="userId" type="auto_d7cfae48-d434-4424-ac37-de834e8308b3_Output-Variables-userId"/>
        </types:variables>
      </types:output-event>
    </types:processor-declaration>
  </types:enrichment>
</types:mule>